"DESCRIPTION","DURATION IN MS","NAME","PARENT SUITE","START TIME","STATUS","STOP TIME","SUB SUITE","SUITE","TEST CLASS","TEST METHOD"
"","2094","Открытие раздела проектов","ui","2026-10-03","passed","2026-10-03","TestYouGileUi","test_ui","",""
"","39","Получение списка задач","api","2026-10-03","passed","2026-10-03","TestYouGileApi","test_api","",""
"","96","Получение списка проектов","api","2026-10-03","passed","2026-10-03","TestYouGileApi","test_api","",""
"","161","Получение списка компаний по валидным учётным данным","api","2026-10-03","passed","2026-10-03","TestYouGileApi","test_api","",""
"","131","Получение текущего пользователя с валидным API-ключом","api","2026-10-03","passed","2026-10-03","TestYouGileApi","test_api","",""
"","4665","Создание проекта","ui","2026-10-03","passed","2026-10-03","TestYouGileUi","test_ui","",""
"","30","Запрос текущего пользователя без API-ключа отклонён","api","2026-10-03","passed","2026-10-03","TestYouGileApi","test_api","",""
"","183","Создание и удаление временного API-ключа","api","2026-10-03","passed","2026-10-03","TestYouGileApi","test_api","",""
"","116","Запрос проектов с невалидным API-ключом отклонён","api","2026-10-03","passed","2026-10-03","TestYouGileApi","test_api","",""
"","5897","Вход по валидным логину и паролю","ui","2026-10-03","passed","2026-10-03","TestYouGileUi","test_ui","",""
"","5496","Редактирование названия задачи","ui","2026-10-03","passed","2026-10-03","TestYouGileUi","test_ui","",""
"","3126","Создание задачи на доске","ui","2026-10-03","passed","2026-10-03","TestYouGileUi","test_ui","",""
